<application>
  <component name="GeneralSettings">
    <option name="confirmExit" value="false" />
    <option name="confirmOpenNewProject2" value="0" />
    <option name="searchInBackground" value="true" />
    <option name="showTipsOnStartup" value="false" />
    <option name="useDefaultBrowser" value="false" />
  </component>
  <component name="Registry">
    <entry key="ide.tooltip.initialDelay" value="64" />
    <entry key="compiler.automake.allow.when.app.running" value="true" />
  </component>
</application>