<application>
  <component name="ExternalResourceManagerImpl">
    <resource url="http://mybatis.org/dtd/mybatis-3-config.dtd" location="$USER_HOME$/.IntelliJIdea2017.3/system/extResources/69c70a2f_mybatis-3-config.dtd" />
    <resource url="http://mybatis.org/dtd/mybatis-generator-config_1_0.dtd" location="$USER_HOME$/.IntelliJIdea2017.3/system/extResources/cf63db72_mybatis-generator-config_1_0.dtd" />
    <resource url="http://www.springframework.org/schema/aop/spring-aop.xsd" location="$USER_HOME$/.IntelliJIdea2017.3/system/extResources/7ab94007_spring-aop.xsd" />
    <resource url="http://www.springframework.org/schema/beans/spring-beans-4.3.xsd" location="$USER_HOME$/.IntelliJIdea2017.3/system/extResources/d83fe593_spring-beans-4.3.xsd" />
    <resource url="http://www.springframework.org/schema/context/spring-context.xsd" location="$USER_HOME$/.IntelliJIdea2017.3/system/extResources/a93b54e7_spring-context.xsd" />
    <resource url="http://www.springframework.org/schema/tool/spring-tool-4.3.xsd" location="$USER_HOME$/.IntelliJIdea2017.3/system/extResources/946a6b65_spring-tool-4.3.xsd" />
    <resource url="http://www.springframework.org/schema/tx/spring-tx.xsd" location="$USER_HOME$/.IntelliJIdea2017.3/system/extResources/bc20ae51_spring-tx.xsd" />
  </component>
</application>